seq,h,s,h/s,L,calc L
1,86,76,1.13,9.86,9.86
2,99,144,0.69,8.25,8.25
3,33,32,1.03,5.83,5.83
4,18,51,0.35,2.52,2.52
5,74,59,1.25,9.63,9.63
6,59,36,1.64,9.83,9.83
7,16,20,0.80,3.58,3.58
8,69,179,0.39,5.16,5.16
9,76,90,0.84,8.01,8.01
10,88,260,0.34,5.46,5.46
11,58,73,0.79,6.79,6.79
12,80,117,0.68,7.40,7.40
13,5,15,0.33,1.29,1.29
14,25,73,0.34,2.93,2.93
15,48,70,0.69,5.74,5.74
16,32,123,0.26,2.89,2.89
17,48,41,1.17,7.50,7.50
18,53,44,1.20,7.99,7.99
19,49,128,0.38,4.33,4.33
20,10,30,0.33,1.83,1.83
21,73,68,1.07,8.85,8.85
22,53,41,1.29,8.28,8.28
23,42,142,0.30,3.52,3.52
24,84,302,0.28,4.83,4.83
25,51,128,0.40,4.51,4.51
26,95,70,1.36,11.35,11.35
27,89,115,0.77,8.30,8.30
28,42,165,0.25,3.27,3.27
29,34,120,0.28,3.10,3.10
30,53,78,0.68,6.00,6.00
31,86,294,0.29,5.02,5.02
32,25,44,0.57,3.77,3.77
33,31,88,0.35,3.30,3.30
34,94,355,0.26,4.99,4.99
35,87,65,1.34,10.79,10.79
36,86,94,0.91,8.87,8.87
37,98,132,0.74,8.53,8.53
38,64,116,0.55,5.94,5.94
39,86,250,0.34,5.44,5.44
40,33,95,0.35,3.39,3.39
41,12,15,0.80,3.10,3.10
42,9,29,0.31,1.67,1.67
43,56,80,0.70,6.26,6.26
44,32,118,0.27,2.95,2.95
45,77,274,0.28,4.65,4.65
46,45,55,0.82,6.07,6.07
47,68,128,0.53,6.01,6.01
48,87,183,0.48,6.43,6.43
49,38,37,1.03,6.25,6.25
50,100,246,0.41,6.38,6.38
51,38,118,0.32,3.50,3.50
52,59,214,0.28,4.03,4.03
53,56,98,0.57,5.66,5.66
54,22,50,0.44,3.11,3.11
55,16,50,0.32,2.26,2.26
56,19,19,1.00,4.36,4.36
57,25,81,0.31,2.78,2.78
58,59,152,0.39,4.79,4.79
59,54,99,0.55,5.43,5.43
60,64,150,0.43,5.23,5.23
61,75,263,0.29,4.62,4.62
62,6,17,0.35,1.46,1.46
63,19,54,0.35,2.59,2.59
64,73,228,0.32,4.83,4.83
65,87,147,0.59,7.18,7.18
66,42,84,0.50,4.58,4.58
67,63,32,1.97,11.14,11.14
68,97,345,0.28,5.22,5.22
69,38,148,0.26,3.12,3.12
70,27,61,0.44,3.46,3.46
71,18,63,0.29,2.27,2.27
72,43,148,0.29,3.53,3.53
73,69,181,0.38,5.13,5.13
74,24,43,0.56,3.66,3.66
75,25,59,0.42,3.25,3.25
76,72,267,0.27,4.41,4.41
77,81,132,0.61,7.05,7.05
78,7,6,1.17,2.86,2.86
79,51,182,0.28,3.78,3.78
80,44,58,0.76,5.78,5.78
81,35,125,0.28,3.13,3.13
82,15,11,1.36,4.52,4.52
83,67,224,0.30,4.48,4.48
84,73,232,0.31,4.79,4.79
85,21,58,0.36,2.76,2.76
86,75,80,0.94,8.39,8.39
87,72,255,0.28,4.51,4.51
88,59,228,0.26,3.91,3.91
89,74,232,0.32,4.86,4.86
90,93,111,0.84,8.83,8.83
91,44,83,0.53,4.83,4.83
92,90,249,0.36,5.70,5.70
93,61,222,0.27,4.09,4.09
94,62,57,1.09,8.21,8.21
95,33,23,1.43,6.88,6.88
96,7,17,0.41,1.70,1.70
97,34,87,0.39,3.65,3.65
98,5,3,1.67,2.89,2.89
99,85,60,1.42,10.97,10.97
100,13,47,0.28,1.90,1.90